{"episode_id": 2000, "content_type": "video/mp4", "encoder_version": {"backend": "ffmpeg", "version": "b\"ffmpeg version 7.1.1 Copyright (c) 2000-2025 the FFmpeg developers\\nbuilt with Apple clang version 16.0.0 (clang-1600.0.26.6)\\nconfiguration: --prefix=/opt/homebrew/Cellar/ffmpeg/7.1.1_2 --enable-shared --enable-pthreads --enable-version3 --cc=clang --host-cflags= --host-ldflags='-Wl,-ld_classic' --enable-ffplay --enable-gnutls --enable-gpl --enable-libaom --enable-libaribb24 --enable-libbluray --enable-libdav1d --enable-libharfbuzz --enable-libjxl --enable-libmp3lame --enable-libopus --enable-librav1e --enable-librist --enable-librubberband --enable-libsnappy --enable-libsrt --enable-libssh --enable-libsvtav1 --enable-libtesseract --enable-libtheora --enable-libvidstab --enable-libvmaf --enable-libvorbis --enable-libvpx --enable-libwebp --enable-libx264 --enable-libx265 --enable-libxml2 --enable-libxvid --enable-lzma --enable-libfontconfig --enable-libfreetype --enable-frei0r --enable-libass --enable-libopencore-amrnb --enable-libopencore-amrwb --enable-libopenjpeg --enable-libspeex --enable-libsoxr --enable-libzmq --enable-libzimg --disable-libjack --disable-indev=jack --enable-videotoolbox --enable-audiotoolbox --enable-neon\\nlibavutil      59. 39.100 / 59. 39.100\\nlibavcodec     61. 19.101 / 61. 19.101\\nlibavformat    61.  7.100 / 61.  7.100\\nlibavdevice    61.  3.100 / 61.  3.100\\nlibavfilter    10.  4.100 / 10.  4.100\\nlibswscale      8.  3.100 /  8.  3.100\\nlibswresample   5.  3.100 /  5.  3.100\\nlibpostproc    58.  3.100 / 58.  3.100\\n\"", "cmdline": ["ffmpeg", "-nostats", "-loglevel", "error", "-y", "-f", "rawvideo", "-s:v", "192x192", "-pix_fmt", "rgb24", "-framerate", "10", "-i", "-", "-vf", "scale=trunc(iw/2)*2:trunc(ih/2)*2", "-vcodec", "libx264", "-pix_fmt", "yuv420p", "-r", "10", "/Users/imgeumjae/Library/CloudStorage/GoogleDrive-m79242099@gmail.com/\u1102\u1162 \u1103\u1173\u1105\u1161\u110b\u1175\u1107\u1173/Chrome\u110b\u1166\u1109\u1165 \u110c\u1165\u110c\u1161\u11bc\u1103\u116c\u11b7/2025/\u1100\u1161\u11bc\u1112\u116a\u1112\u1161\u11a8\u1109\u1173\u11b8/assignments/Sarsa&Q-learning/video/openaigym.video.5.6921.video002000.mp4"]}}